Apartment, Address
2400 Nueces,"2400 Nueces St, Austin, TX 78705"
26 West,"600 W 26th St, Austin, TX 78705"
Crest at Pearl,"706 W Martin Luther King Jr Blvd, Austin, TX 78701"
GrandMarc Austin,"510 W 26th St, Austin, TX 78705"
Inspire on 22nd,"2200 Nueces St, Austin, TX 78705"
Ion Austin,"2100 San Antonio St, Austin, TX 78705"
Lark Austin,"2100 Nueces St, Austin, TX 78705"
Moontower Austin,"2204 San Antonio St, Austin, TX 78705"
Nine at Rio,"2100 Rio Grande St, Austin, TX 78705"
Pointe on Rio,"1901 Rio Grande St, Austin, TX 78705"
Quarters Nueces,"2300 Nueces St, Austin, TX 78705"
Rambler Austin,"2513 Seton Ave, Austin, TX 78705"
Rise at West Campus Leasing Office,"2206 Nueces St, Austin, TX 78705"
Signature 1909,"1909 Rio Grande St, Austin, TX 78705"
Skyloft Austin,"507 W 23rd St, Austin, TX 78705"
The Block on 25th,"702 W 25th St, Austin, TX 78705"
The Mark Austin,"812 W 23rd St, Austin, TX 78705"
The Standard Austin,"715 W 23rd St, Austin, TX 78705"
Twenty Two Fifteen,"2215 Rio Grande St, Austin, TX 78705"
Villas on 26th,"800 W 26th St, Austin, TX 78705"
Villas on Rio,"2111 Rio Grande St, Austin, TX 78705"
Waterloo,"2400 Seton Ave, Austin, TX 78705"