Apartment,Address
Quarters Nueces,"2300 Nueces St, Austin, TX 78705"
Pointe on Rio,"1901 Rio Grande St, Austin, TX 78705"
Moontower,"2204 San Antonio St, Austin, TX 78705"
Waterloo,"2400 Seton Ave, Austin, TX 78705"
The Mark,"812 W 23rd St, Austin, TX 78705"
Twenty Two Fifteen,"2215 Rio Grande St, Austin, TX 78705"
Lark,"2100 Nueces St, Austin, TX 78705"
33rd Street Condo,"3300 Rio Grande St, Austin, TX 78705"
Signature,"1909 Rio Grande St, Austin, TX 78705"
26 West,"600 W 26th St, Austin, TX 78705
"
900 W 23rd,"900 W 23rd St, Austin, TX 78705"
Villas on Rio,"2111 Rio Grande St, Austin, TX 78705"
2400 Nueces,"2400 Nueces St, Austin, TX 78705"
Ion,"2100 San Antonio St, Austin, TX 78705"
Skyloft,"507 W 23rd St, Austin, TX 78705"
Twenty Two 15,"2215 Rio Grande St, Austin, TX 78705"
Nine at Rio,"2100 Rio Grande St, Austin, TX 78705"
Rise,"2206 Nueces St, Austin, TX 78705"
Ion Austin,"2100 San Antonio St, Austin, TX 78705"
Rambler,"2513 Seton Ave, Austin, TX 78705"
The Block on 25th,"702 W 25th St, Austin, TX 78705"
Delphi Condominiums,"706 W 24th St, Austin, TX 78705"
Lenox Condos,"915 W 23rd St, Austin, TX 78705"
Lark Austin,"2100 Nueces St, Austin, TX 78705"